{
    "file_name": "poster_7.jpg",
    "width": 843,
    "height": 1089,
    "components": {
        "info": [
            [
                78.83117509594419,
                594.1230321444941,
                617.9638837414677,
                201.14084921865953
            ],
            [
                80.88069718957689,
                533.6710046170937,
                679.8651528000976,
                233.46983964974
            ]
        ],
        "logo": [
            [
                55.79073750773354,
                345.75853612765076,
                528.9970681203106,
                244.36196483331423
            ],
            [
                77.814127526812,
                318.3806886905319,
                580.5098178912986,
                121.79431534560993
            ]
        ],
        "primary_image": [
            [
                90.60662698682809,
                397.2580515167743,
                576.2755051809833,
                156.45014733290103
            ]
        ],
        "subtitle": [
            [
                61.52675226021382,
                348.1169832773862,
                573.228451836008,
                130.52414830687945
            ]
        ],
        "title": [
            [
                58.875365345267156,
                195.08158153352673,
                656.7485527399531,
                114.0450475812936
            ]
        ]
    },
    "image_id": 180
}