{
    "file_name": "poster_2.jpg",
    "width": 891,
    "height": 1054,
    "components": {
        "info": [
            [
                70.17120370394062,
                586.91829744752,
                540.768290961796,
                129.43216214717347
            ],
            [
                77.63348821359035,
                177.54654557771966,
                685.8275052167287,
                188.77490907090558
            ]
        ],
        "logo": [],
        "primary_image": [
            [
                74.37868447014587,
                144.90005297511007,
                683.7746937233551,
                162.35654289595595
            ],
            [
                91.81788475949858,
                476.0383777548773,
                623.6633522536987,
                223.63554371707343
            ]
        ],
        "subtitle": [
            [
                67.20599204786333,
                340.6423035795985,
                500.10207749681854,
                129.36508254666
            ],
            [
                72.64291713598854,
                171.21569913972627,
                632.3079276507335,
                101.3738367654432
            ]
        ],
        "title": [
            [
                72.50877530160741,
                273.2827584885843,
                630.8119143084299,
                211.692656470884
            ]
        ]
    },
    "image_id": 138
}