{
    "file_name": "poster_9.jpg",
    "width": 883,
    "height": 1082,
    "components": {
        "info": [
            [
                68.11936432205867,
                397.0604031294107,
                608.427857640399,
                182.30279586300696
            ],
            [
                88.61003765031248,
                539.8678520864755,
                515.404349824442,
                134.18894106017507
            ]
        ],
        "logo": [],
        "primary_image": [
            [
                80.16798870948175,
                382.812989157612,
                583.5639536411564,
                227.93469435877773
            ],
            [
                92.27478424770112,
                285.0486087063475,
                552.6122767371404,
                156.42796045907625
            ]
        ],
        "subtitle": [],
        "title": [
            [
                75.74092365819261,
                321.5912980361188,
                595.1304276290243,
                173.2763983401997
            ]
        ]
    },
    "image_id": 122
}