{
    "file_name": "poster_10.jpg",
    "width": 823,
    "height": 1069,
    "components": {
        "info": [
            [
                88.36318800851575,
                387.1406131087908,
                621.8055024060982,
                150.35843290111617
            ],
            [
                62.42096000815104,
                244.08896309491394,
                530.2467897996158,
                126.29678729720501
            ]
        ],
        "logo": [
            [
                92.41227711231494,
                408.1103904775129,
                585.9243726731661,
                194.64347451929305
            ]
        ],
        "primary_image": [
            [
                97.47482405673108,
                200.22973749210865,
                679.7661165235469,
                156.9887769784972
            ]
        ],
        "subtitle": [
            [
                74.65477289735034,
                581.8016852365483,
                663.3135689302328,
                234.03680209627183
            ]
        ],
        "title": [
            [
                97.15898620414521,
                171.02649655362086,
                657.4637580094179,
                216.76763695357306
            ]
        ]
    },
    "image_id": 112
}