{
    "file_name": "poster_8.jpg",
    "width": 845,
    "height": 1016,
    "components": {
        "info": [
            [
                70.33773641707663,
                265.62351821692437,
                615.4060829938935,
                196.14333062622387
            ],
            [
                80.08925655329246,
                509.64294607030774,
                685.7371027642191,
                149.4477958181635
            ]
        ],
        "logo": [
            [
                52.56199059463586,
                185.80210508653778,
                652.3518869775066,
                239.4066938349664
            ],
            [
                74.76862043725572,
                172.97824921534084,
                644.540363055383,
                175.60095829232915
            ]
        ],
        "primary_image": [
            [
                82.28036717960859,
                559.7555642073819,
                564.6433258018601,
                170.13771298589523
            ],
            [
                59.1836401647469,
                334.2868606978995,
                657.1798505928741,
                145.87970459180355
            ]
        ],
        "subtitle": [],
        "title": [
            [
                93.71279136740927,
                184.07477233383145,
                593.2822946721135,
                173.70623224658078
            ]
        ]
    },
    "image_id": 184
}