{
    "file_name": "poster_5.jpg",
    "width": 876,
    "height": 1086,
    "components": {
        "info": [
            [
                83.6627529973521,
                135.04327370305822,
                550.8613150901868,
                135.53881925930878
            ],
            [
                83.0749539591528,
                292.4906804211764,
                504.14025788804366,
                127.21482444107656
            ]
        ],
        "logo": [],
        "primary_image": [
            [
                66.53053689008225,
                578.2128911012987,
                559.6017459525688,
                239.1711122382372
            ],
            [
                93.99235653535119,
                432.90138101539895,
                548.5597471932798,
                229.36773282374645
            ]
        ],
        "subtitle": [],
        "title": [
            [
                89.60601640452185,
                474.813727225138,
                603.705198268488,
                218.04469472080805
            ]
        ]
    },
    "image_id": 110
}