{
    "file_name": "poster_6.jpg",
    "width": 884,
    "height": 1061,
    "components": {
        "info": [
            [
                88.49519834632696,
                128.01693124034506,
                609.506585529333,
                162.42476144535
            ],
            [
                64.65530095097088,
                239.11524875761205,
                611.5624764597201,
                246.31996238636148
            ]
        ],
        "logo": [],
        "primary_image": [
            [
                50.73922956557047,
                365.8941920943386,
                530.7381673246731,
                136.8395284392505
            ]
        ],
        "subtitle": [],
        "title": [
            [
                71.84635171762939,
                547.7152938545822,
                571.8398644142152,
                204.86278789170797
            ]
        ]
    },
    "image_id": 121
}