{
    "file_name": "poster_1.jpg",
        "width": 805,
        "height": 1015,
        "components": {
            "info": [
                [
                    55.28451442538792,
                    100.07174996809029,
                    597.4551577480893,
                    247.74717272294993
                ],
                [
                    66.29714118570759,
                    554.8033116107948,
                    609.5547044327128,
                    178.8104375856074
                ]
            ],
            "logo": [
                [
                    77.10926526719558,
                    228.11489154503641,
                    582.1252684322169,
                    141.36255383409653
                ],
                [
                    59.99080133594247,
                    295.0581868328326,
                    645.9490909009976,
                    241.46119497223245
                ]
            ],
            "primary_image": [
                [
                    91.8815047447427,
                    454.2067929538164,
                    628.8156973280027,
                    137.85366240452728
                ],
                [
                    97.65866644347025,
                    568.5858225986015,
                    667.7908049873329,
                    128.52721954849974
                ]
            ],
            "subtitle": [],
            "title": [
                [
                    54.438490295820344,
                    435.3616346703333,
                    523.894117873977,
                    234.28272119686898
                ]
            ]
        },
        "image_id": 120
}