{
    "file_name": "poster_3.jpg",
    "width": 842,
    "height": 1037,
    "components": {
        "info": [
            [
                84.90802833461194,
                590.7041949808747,
                604.4859250428601,
                222.36359654071134
            ],
            [
                67.67569880354529,
                327.9385581710356,
                606.0927518498489,
                194.35222998505674
            ]
        ],
        "logo": [
            [
                89.60074394700493,
                227.53578207370091,
                502.4948586744603,
                211.6634692564892
            ]
        ],
        "primary_image": [
            [
                92.91865899928575,
                108.6567222964442,
                529.7446871621029,
                157.55550558768383
            ],
            [
                56.633639992854775,
                456.9268978351414,
                557.4700418120883,
                137.93199539903082
            ]
        ],
        "subtitle": [],
        "title": [
            [
                70.43716522929832,
                342.36721886309283,
                528.8406805155768,
                155.49987600637022
            ]
        ]
    },
    "image_id": 130
}