{
    "file_name": "poster_4.jpg",
    "width": 814,
    "height": 1083,
    "components": {
        "info": [
            [
                57.451684402990175,
                141.5526126074426,
                593.5946266803902,
                209.17008094762187
            ],
            [
                50.557810714286326,
                541.9542694872061,
                551.3584154783036,
                178.53639838584138
            ]
        ],
        "logo": [
            [
                50.96287198074778,
                372.1025216886776,
                614.5617537008961,
                211.3833447965152
            ]
        ],
        "primary_image": [
            [
                60.31034263758909,
                383.05909189204965,
                626.4440087366854,
                235.21600742547335
            ],
            [
                98.37256791125296,
                497.9328387344052,
                520.4615126593749,
                102.45894755852618
            ]
        ],
        "subtitle": [
            [
                97.19222430727447,
                210.87715922781626,
                568.3343917242356,
                119.18044114505003
            ],
            [
                77.96736055351704,
                254.6925211774586,
                591.6171033778162,
                215.25925095587434
            ]
        ],
        "title": [
            [
                89.26772630658108,
                244.68776787389424,
                579.0845120428183,
                105.02390893583986
            ]
        ]
    },
    "image_id": 196
}